id	pub_home_div	pub_draw_div	pub_away_div
2	2.29	3.20	2.50
7	2.45	3.20	2.33
12	2.16	3.40	2.55
17	1.97	3.45	2.85
22	1.84	3.45	3.15
27	2.65	3.40	2.09
32	1.96	3.55	2.80
37	2.80	3.25	2.06
42	3.20	3.55	1.80
47	1.91	3.30	3.10
52	3.60	3.65	1.67
57	2.50	3.35	2.22
65	2.20	2.65	3.15
70	1.95	3.05	3.25
75	2.30	2.75	2.85
80	2.23	2.80	2.90
85	2.22	3.05	2.70
92	1.99	3.60	2.70
100	4.00	3.70	1.59
108	3.20	3.50	1.81
114	2.35	3.25	2.40
122	2.24	3.30	2.50
127	2.45	3.25	2.31
132	2.15	3.25	2.65
137	2.28	3.30	2.45
142	2.19	3.25	2.60
147	1.81	3.50	3.20
152	2.05	3.35	2.75
157	1.98	3.55	2.75
162	2.14	3.35	2.60
167	2.85	3.55	1.93
172	1.71	3.50	3.60
177	2.80	3.45	1.99
182	2.07	3.45	2.65
190	2.47	2.50	2.90
195	2.25	2.65	3.05
200	2.04	2.60	3.65
205	2.11	2.75	3.20
210	2.65	2.58	2.60
215	2.70	2.60	2.54
220	2.07	3.30	2.75
228	1.71	3.90	3.25
236	3.15	3.40	1.86
244	3.70	3.35	1.72
252	2.14	3.45	2.55
257	1.71	3.55	3.55
262	2.70	3.20	2.14
267	2.29	3.20	2.50
272	2.31	3.25	2.45
277	2.16	3.40	2.55
282	1.97	3.45	2.85
287	1.84	3.45	3.15
292	2.65	3.40	2.09
297	1.96	3.55	2.80
302	2.80	3.25	2.06
307	3.20	3.55	1.80
312	1.91	3.30	3.10
317	3.25	3.50	1.80
322	2.50	3.35	2.22
330	2.07	3.30	2.75
335	2.45	3.25	2.31
340	3.45	3.30	1.80
345	2.85	2.46	2.55
350	2.40	3.15	2.40
358	2.40	3.60	2.20
366	3.55	3.70	1.67
374	2.65	3.40	2.09
382	1.83	3.55	3.10
390	1.74	3.45	3.50
395	2.31	3.25	2.45
400	2.22	3.35	2.50
405	2.55	3.30	2.20
410	2.26	3.25	2.50
415	3.30	3.30	1.84
420	2.50	3.20	2.29
425	2.70	3.25	2.12
430	2.20	3.30	2.55
435	1.56	3.70	4.20
440	1.96	3.40	2.90
445	2.40	3.25	2.35
450	2.70	3.25	2.12
455	3.25	3.25	1.87
460	3.10	3.20	1.94
468	3.90	2.60	1.97
473	2.25	3.20	2.55
481	2.20	3.40	2.50
489	4.00	3.55	1.62
497	2.90	3.55	1.91
505	1.55	3.95	4.00
513	2.38	2.65	2.85
518	2.27	2.70	2.95
523	2.31	3.25	2.45
528	2.70	3.30	2.10
533	1.90	3.40	3.05
538	2.75	3.20	2.11
543	2.20	3.30	2.55
548	2.14	3.35	2.60
553	1.97	3.30	2.95
558	2.31	3.25	2.45
563	2.09	3.40	2.65
568	1.88	3.45	3.05
573	3.30	3.30	1.84
578	2.11	3.35	2.65
583	3.80	3.45	1.68
588	2.26	3.25	2.50
593	2.50	3.25	2.26
601	4.55	2.55	1.86
606	2.24	2.70	3.00
611	2.45	3.40	2.24
619	2.80	3.85	1.88
627	2.70	3.45	2.04
635	3.95	3.65	1.61
643	1.59	3.90	3.80
651	2.85	2.70	2.34
655	3.15	2.80	2.11
660	2.85	2.55	2.46
665	2.70	2.70	2.45
670	2.20	3.30	2.55
675	1.86	3.45	3.10
680	2.24	3.30	2.50
685	1.89	3.35	3.10
690	3.25	3.25	1.87
695	2.90	3.25	2.01
700	2.50	3.20	2.29
705	2.01	3.40	2.80
710	1.73	3.55	3.45
715	2.24	3.40	2.45
720	2.18	3.35	2.55
725	2.70	3.35	2.08
730	3.45	3.25	1.81
735	3.20	3.30	1.87
740	2.35	3.25	2.40
748	2.40	3.30	2.33
753	2.70	3.40	2.06
758	3.20	3.35	1.86
763	2.70	3.15	2.17
768	2.50	3.30	2.24
773	3.55	3.70	1.67
778	3.25	3.45	1.81
783	2.65	3.20	2.18
788	2.22	3.35	2.50
796	1.91	2.90	3.55
801	3.85	2.55	2.01
806	2.49	2.70	2.65
811	2.33	3.20	2.45
819	2.30	3.45	2.35
827	1.70	3.70	3.45
835	2.04	3.45	2.70
843	3.00	3.15	2.01
851	2.70	3.25	2.12
856	2.75	3.30	2.07
861	2.65	3.30	2.13
866	3.55	3.55	1.71
871	2.30	3.35	2.40
876	2.09	3.25	2.75
881	2.45	3.20	2.33
886	2.27	3.15	2.55
891	2.80	3.40	2.01
896	2.05	3.35	2.75
901	3.15	3.40	1.86
906	3.55	3.30	1.77
911	2.35	3.35	2.35
916	3.05	3.30	1.93
921	2.95	3.35	1.95
929	3.45	2.55	2.14
934	3.70	2.75	1.94
939	2.04	2.80	3.30
944	2.90	3.25	2.01
952	3.05	3.60	1.84
960	2.04	3.55	2.65
968	3.35	3.45	1.78
976	3.60	3.05	1.84
984	2.13	3.30	2.65
989	3.15	3.35	1.87
994	2.20	3.30	2.55
999	2.28	3.30	2.45
1004	3.95	3.45	1.65
1009	2.07	3.30	2.75
1014	2.45	3.25	2.31
1019	3.45	3.30	1.80
1024	2.45	3.35	2.26
1029	2.60	3.45	2.10
1034	2.33	3.20	2.45
1039	1.74	3.55	3.40
1044	1.82	3.55	3.15
1052	2.80	2.65	2.41
1057	2.85	2.46	2.55
1062	2.12	2.60	3.40
1067	3.25	2.65	2.15
1071	3.40	2.85	1.98
1076	2.15	2.85	3.00
1081	2.04	3.30	2.80
1089	3.80	3.55	1.65
1097	3.00	3.35	1.93
1105	2.26	3.35	2.45
1113	4.25	3.30	1.64
1121	2.28	3.40	2.40
1126	2.18	3.35	2.55
1131	1.83	3.55	3.10
1136	2.24	3.30	2.50
1141	2.60	3.35	2.14
1146	2.28	3.40	2.40
1151	3.40	3.55	1.74
1156	2.70	3.30	2.10
1161	2.50	3.25	2.26
1166	2.26	3.45	2.40
1171	3.50	3.40	1.76
1176	2.80	3.15	2.11
1181	1.59	3.80	3.90
1189	3.20	2.65	2.18
1194	2.23	2.85	2.85
1199	2.40	3.40	2.28
1207	3.15	3.55	1.82
1215	3.10	3.35	1.89
1223	2.28	3.30	2.45
1231	3.30	3.15	1.89
1239	2.54	2.70	2.60
1244	3.50	2.80	1.97
1249	3.10	3.45	1.86
1254	1.95	3.50	2.85
1259	2.65	3.20	2.18
1264	2.02	3.30	2.85
1269	2.55	3.15	2.27
1274	2.12	3.25	2.70
1279	2.30	3.35	2.40
1284	2.05	3.35	2.75
1289	1.92	3.45	2.95
1294	3.20	3.40	1.84
1299	2.90	3.50	1.93
1304	3.45	3.50	1.74
1309	2.75	3.60	1.97
1314	3.15	3.50	1.83
1319	1.59	3.85	3.85
1327	2.95	2.44	2.50
1332	2.16	2.75	3.10
1337	3.80	3.40	1.69
1345	2.95	2.44	2.50
1350	3.65	2.65	2.01
1355	2.75	3.80	1.91
1363	1.97	3.50	2.80
1371	2.70	2.65	2.49
1376	2.20	2.40	3.60
1381	2.30	3.35	2.40
1386	2.28	3.40	2.40
1391	2.50	3.35	2.22
1396	2.14	3.35	2.60
1401	2.03	3.35	2.80
1406	2.07	3.30	2.75
1411	3.05	3.40	1.90
1416	2.70	3.20	2.14
1421	2.60	3.30	2.17
1426	2.80	3.50	1.97
1431	2.70	3.35	2.08
1436	2.33	3.40	2.35
1441	2.25	3.20	2.55
1446	1.68	3.65	3.55
1451	3.30	3.35	1.83
1459	1.68	3.65	3.55
1464	3.40	3.45	1.77
1472	3.90	3.80	1.59
1477	2.45	3.20	2.33
1482	2.24	3.40	2.45
1487	2.07	3.45	2.65
1492	2.70	3.20	2.14
1497	2.35	3.40	2.33
1502	2.65	3.20	2.18
1507	1.72	3.70	3.35
1515	4.10	2.45	2.01
1520	2.80	2.45	2.60
1525	3.70	2.80	1.92
1530	3.20	2.55	2.25
1535	2.34	2.65	2.90
1540	1.75	3.70	3.25
1548	2.33	3.30	2.40
1556	2.35	3.35	2.35
1564	1.99	3.30	2.90
1572	2.60	3.40	2.12
1580	2.14	2.75	3.15
1585	3.95	3.45	1.65
1590	2.65	3.35	2.11
1595	2.35	3.25	2.40
1600	1.95	3.35	2.95
1605	2.28	3.30	2.45
1610	1.88	3.40	3.10
1615	2.35	3.40	2.33
1620	2.04	3.30	2.80
1625	3.50	3.40	1.76
1630	2.40	3.30	2.33
1635	2.85	3.30	2.02
1640	1.99	3.25	2.95
1645	2.22	3.35	2.50
1650	2.65	3.20	2.18
1655	1.61	3.95	3.65
1663	2.04	3.30	2.80
1668	3.50	3.40	1.76
1673	2.40	3.30	2.33
1678	2.85	3.30	2.02
1683	1.99	3.25	2.95
1688	2.22	3.35	2.50
1693	2.65	3.20	2.18
1698	1.55	4.15	3.80
1706	3.75	2.55	2.04
1711	2.42	2.60	2.85
1716	4.25	2.90	1.76
1721	3.45	2.85	1.97
1726	2.10	2.85	3.10
1731	1.81	3.45	3.25
1739	2.45	3.60	2.16
1747	3.70	3.60	1.66
1755	1.67	3.70	3.55
1763	2.54	2.75	2.55
1768	2.65	3.05	2.25
1773	2.33	3.40	2.35
1778	2.33	3.20	2.45
1783	2.40	3.30	2.33
1788	2.95	3.30	1.97
1793	1.89	3.55	2.95
1798	2.26	3.35	2.45
1803	1.94	3.45	2.90
1808	2.33	3.30	2.40
1813	2.33	3.30	2.40
1818	2.40	3.25	2.35
1823	3.10	3.35	1.89
1828	2.07	3.30	2.75
1833	1.98	3.40	2.85
1841	1.59	3.90	3.80
1846	3.40	2.60	2.12
1851	2.17	2.70	3.15
1856	2.30	2.75	2.85
1861	2.00	3.35	2.85
1869	2.75	3.35	2.05
1877	2.50	3.75	2.07
1885	2.50	3.35	2.22
1893	2.70	3.35	2.08
1898	2.04	3.30	2.80
1903	2.06	3.40	2.70
1908	2.26	3.35	2.45
1913	2.75	3.30	2.07
1918	2.50	3.35	2.22
1923	3.30	3.30	1.84
1928	2.10	3.30	2.70
1933	3.50	3.45	1.74
1938	2.80	3.30	2.04
1943	2.18	3.20	2.65
1948	2.35	3.35	2.35
1953	2.40	3.30	2.33
1961	3.50	3.45	1.74
1966	2.80	3.30	2.04
1971	2.12	3.25	2.70
1976	2.35	3.35	2.35
1981	2.40	3.30	2.33
1989	2.24	2.70	3.00
1994	2.45	2.60	2.80
1999	2.15	2.90	2.95
2004	2.60	2.75	2.49
2009	1.92	2.95	3.45
2014	2.95	2.65	2.31
2019	2.40	3.30	2.33
2024	3.35	3.50	1.77
2029	2.00	3.50	2.75
2034	2.40	3.35	2.30
2039	2.55	3.20	2.25
2044	2.65	3.35	2.11
2049	2.22	3.25	2.55
2054	2.03	3.50	2.70
2059	3.10	3.25	1.93
2064	2.18	3.45	2.50
2069	3.55	3.35	1.76
2074	2.55	3.20	2.25
2079	1.77	3.60	3.25
2084	1.90	3.60	2.90
2092	2.53	2.65	2.65
2097	2.50	2.80	2.55
2102	3.10	2.65	2.22
2107	2.20	2.65	3.15
2112	2.33	2.75	2.80
2117	1.93	3.05	3.30
2122	2.33	3.30	2.40
2127	1.84	3.60	3.05
2132	2.45	3.35	2.26
2137	3.95	3.50	1.64
2142	2.08	3.35	2.70
2147	2.50	3.15	2.32
2152	2.18	3.35	2.55
2157	2.22	3.25	2.55
2162	3.10	3.20	1.94
2167	2.40	3.30	2.33
2172	2.03	3.40	2.75
2177	2.70	3.40	2.06
2182	2.70	3.30	2.10
2187	2.50	3.25	2.26
2192	1.59	3.85	3.85
2200	2.41	2.75	2.70
2205	2.42	2.60	2.85
2210	1.86	3.10	3.45
2215	3.15	2.70	2.17
2220	3.35	2.65	2.11
2225	1.84	2.80	4.00
2230	2.55	3.20	2.25
2235	2.65	3.35	2.11
2240	2.06	3.40	2.70
2245	2.33	3.20	2.45
2250	2.65	3.30	2.13
2255	2.40	3.30	2.33
2260	2.45	3.20	2.33
2265	2.85	3.35	2.00
2270	2.33	3.30	2.40
2275	2.33	3.30	2.40
2280	2.33	3.30	2.40
2285	2.40	3.25	2.35
2290	2.05	3.35	2.75
2295	2.80	3.25	2.06
2300	1.74	3.60	3.35
2308	2.65	2.60	2.58
2313	3.00	2.80	2.18
2318	4.30	2.85	1.77
2323	3.15	2.55	2.27
2328	2.85	2.75	2.30
2333	2.15	2.80	3.05
2338	2.15	2.95	2.90
2343	3.10	2.75	2.16
2348	3.15	2.85	2.08
2353	3.85	2.60	1.98
2358	2.65	2.70	2.49
2363	2.38	2.65	2.85
2368	2.30	2.85	2.75
2373	2.85	2.75	2.30
2378	3.10	2.65	2.22
2383	2.46	2.85	2.55
2388	2.28	2.65	3.00
2393	2.14	3.45	2.55
2401	1.89	3.80	2.80
2409	3.70	3.60	1.66
2417	2.55	3.25	2.22
2425	1.74	3.50	3.45
2441	1.76	3.60	3.30
2449	3.65	2.85	1.91
2454	2.90	3.30	1.99
2459	1.95	3.30	3.00
2464	2.33	3.30	2.40
2469	2.55	3.35	2.18
2474	2.32	3.15	2.50
2479	3.45	3.45	1.76
2484	3.30	3.40	1.81
2489	2.60	3.20	2.21
2494	2.18	3.35	2.55
2499	2.75	3.50	2.00
2504	3.05	3.35	1.91
2509	2.60	3.15	2.24
2517	1.81	2.95	3.90
2522	2.85	2.65	2.38
2527	2.18	2.50	3.45
2532	2.90	2.50	2.47
2537	2.90	2.65	2.34
2542	2.28	2.65	3.00
2547	2.35	3.25	2.40
2555	3.20	3.40	1.84
2563	1.96	3.55	2.80
2571	1.83	3.55	3.10
2579	4.90	3.70	1.48
2587	2.18	3.35	2.55
2592	1.86	3.40	3.15
2597	2.70	3.25	2.12
2602	2.13	3.30	2.65
2607	2.70	3.15	2.17
2612	3.60	3.40	1.73
2617	2.35	3.25	2.40
2622	2.70	3.40	2.06
2627	3.20	3.35	1.86
2632	2.70	3.15	2.17
2637	2.50	3.30	2.24
2642	3.40	3.55	1.74
2647	3.20	3.35	1.86
2652	2.65	3.20	2.18
2657	2.33	3.30	2.40
2665	2.35	3.35	2.35
2670	1.99	3.45	2.80
2675	2.40	3.30	2.33
2680	1.96	3.55	2.80
2688	2.42	2.60	2.85
2693	2.65	2.65	2.53
2698	3.20	2.75	2.11
2703	2.54	2.70	2.60
2708	2.75	2.45	2.65
2713	3.50	2.60	2.09
2718	2.65	3.30	2.13
2726	2.60	3.30	2.17
2734	2.55	3.45	2.14
2741	3.95	3.55	1.63
2749	2.29	3.05	2.60
2757	2.50	3.20	2.29
2762	1.68	3.60	3.60
2767	1.56	3.85	4.00
2772	2.33	3.20	2.45
2777	2.26	3.25	2.50
2782	3.45	3.30	1.80
2787	2.04	3.25	2.85
2792	2.40	3.30	2.33
2797	2.70	3.35	2.08
2802	3.00	3.50	1.89
2807	2.06	3.40	2.70
2812	1.96	3.40	2.90
2817	2.21	3.20	2.60
2822	1.74	3.75	3.25
2830	2.39	2.55	2.95
2835	2.37	2.75	2.75
2840	2.65	2.90	2.34
2845	3.30	2.55	2.20
2850	2.22	3.25	2.55
2858	2.35	3.45	2.30
2866	2.40	3.60	2.20
2874	2.20	3.40	2.50
2882	2.65	2.95	2.31
2890	2.13	3.30	2.65
2895	1.75	3.65	3.30
2900	2.30	3.35	2.40
2905	2.18	3.20	2.65
2910	2.40	3.30	2.33
2915	2.10	3.30	2.70
2920	2.29	3.20	2.50
2925	1.86	3.40	3.15
2930	2.17	3.30	2.60
2935	3.80	3.60	1.64
2940	2.03	3.40	2.75
2945	2.33	3.20	2.45
2950	1.54	4.15	3.85
2955	2.22	3.35	2.50
2963	2.70	2.80	2.37
2968	2.90	2.60	2.38
2973	2.53	2.65	2.65
2978	3.80	3.15	1.76
2986	2.16	2.55	3.40
2991	2.10	3.30	2.70
2999	1.92	3.60	2.85
3007	2.45	3.40	2.24
3015	2.02	3.45	2.75
3023	2.30	2.85	2.75
3028	4.45	2.80	1.76
3033	2.35	3.35	2.35
3038	2.11	3.35	2.65
3043	2.09	3.40	2.65
3048	3.05	3.25	1.95
3053	2.45	3.25	2.31
3058	2.65	3.35	2.11
3063	2.24	3.30	2.50
3068	2.09	3.25	2.75
3073	3.25	3.55	1.79
3078	2.35	3.40	2.33
3083	2.16	3.40	2.55
3088	2.27	3.15	2.55
3093	1.71	3.60	3.50
3098	1.81	3.50	3.20
3106	2.12	3.25	2.70
3111	2.75	3.35	2.05
3116	2.05	3.35	2.75
3121	2.50	3.25	2.26
3126	2.20	3.30	2.55
3131	1.83	3.55	3.10
3136	2.05	3.35	2.75
3141	2.09	3.25	2.75
3146	2.22	3.45	2.45
3151	2.50	3.30	2.24
3156	2.10	3.30	2.70
3164	1.96	2.80	3.55
3169	3.05	3.35	1.91
3177	1.55	4.15	3.80
3185	2.40	3.35	2.30
3193	2.12	3.40	2.60
3201	2.65	3.30	2.13
3209	2.90	3.35	1.98
3214	2.16	3.50	2.50
3219	2.45	3.30	2.28
3224	2.60	3.30	2.17
3229	2.11	3.35	2.65
3234	1.78	3.50	3.30
3239	1.90	3.45	3.00
3244	2.30	3.35	2.40
3249	1.86	3.45	3.10
3254	2.11	3.35	2.65
3259	2.35	3.25	2.40
3264	1.83	3.55	3.10
3269	2.05	3.35	2.75
3274	2.65	3.40	2.09
3282	3.40	3.30	1.81
3290	1.75	3.65	3.30
3297	2.80	3.35	2.03
3305	3.55	3.65	1.68
3313	2.60	3.40	2.12
3321	2.40	3.30	2.33
3326	2.15	3.25	2.65
3331	2.80	3.20	2.08
3336	2.07	3.30	2.75
3341	2.35	3.35	2.35
3346	1.99	3.45	2.80
3351	2.40	3.30	2.33
3356	2.18	3.45	2.50
3364	2.50	3.30	2.24
3372	1.76	3.50	3.40
3377	2.07	3.55	2.60
3382	2.11	3.35	2.65
3387	2.18	3.35	2.55
3392	2.05	3.35	2.75
3397	1.77	3.55	3.30
3402	2.26	3.35	2.45
3407	2.22	3.45	2.45
3412	2.26	3.35	2.45
3417	2.01	3.40	2.80
3425	2.55	2.54	2.75
3430	4.40	2.75	1.79
3435	3.10	3.40	1.88
3443	1.60	3.80	3.80
3451	2.65	3.50	2.06
3459	3.70	3.50	1.69
3467	2.45	3.50	2.20
3475	1.93	3.35	3.00
3480	2.24	3.30	2.50
3485	2.60	3.20	2.21
3490	2.12	3.25	2.70
3495	2.75	3.35	2.05
3500	2.05	3.35	2.75
3505	2.50	3.25	2.26
3510	2.20	3.30	2.55
3515	1.83	3.55	3.10
3520	2.14	3.20	2.70
3525	2.09	3.25	2.75
3530	2.22	3.45	2.45
3535	2.50	3.30	2.24
3540	2.10	3.30	2.70
3548	3.30	3.55	1.77
3553	2.60	3.30	2.17
3558	2.04	2.80	3.30
3563	2.90	2.75	2.27
3568	2.37	2.70	2.80
3573	2.75	2.70	2.41
3578	3.65	2.70	1.98
3583	1.94	3.20	3.10
3588	1.73	3.60	3.40
3596	1.90	3.75	2.80
3604	2.20	3.40	2.50
3612	2.40	3.40	2.28
3620	2.90	3.20	2.03
3628	2.24	3.30	2.50
3633	3.00	3.35	1.93
3638	2.18	3.35	2.55
3643	2.50	3.25	2.26
3648	2.33	3.30	2.40
3653	2.45	3.25	2.31
3658	2.60	3.35	2.14
3663	2.45	3.25	2.31
3668	1.67	3.60	3.65
3673	3.25	3.40	1.83
3678	2.18	3.35	2.55
3683	2.70	3.35	2.08
3688	3.60	3.65	1.67
3693	1.75	3.85	3.15
3698	2.50	3.25	2.26
3706	1.89	3.20	3.25
3711	2.14	2.70	3.20
3716	2.85	2.60	2.42
3721	2.25	2.65	3.05
3726	3.60	2.40	2.20
3731	1.83	3.65	3.05
3739	1.77	3.60	3.25
3747	2.29	3.20	2.50
3755	2.16	3.60	2.45
3763	2.60	3.00	2.32
3771	2.27	2.70	2.95
3776	2.45	3.30	2.28
3781	2.90	3.35	1.98
3786	2.50	3.30	2.24
3791	2.14	3.35	2.60
3796	2.20	3.40	2.50
3801	2.50	3.25	2.26
3806	3.30	3.30	1.84
3811	2.90	3.45	1.94
3816	4.00	3.45	1.64
3821	2.40	3.25	2.35
3826	2.17	3.30	2.60
3831	2.26	3.35	2.45
3836	2.85	3.20	2.06
3841	1.92	3.60	2.85
3846	2.60	3.25	2.19
3854	2.06	2.85	3.20
3859	2.70	2.60	2.54
3864	2.65	2.53	2.65
3869	3.15	2.55	2.27
3874	1.94	2.90	3.45
3879	3.10	3.20	1.94
3887	2.75	2.55	2.54
3892	1.92	3.45	2.95
3900	2.05	3.70	2.55
3908	2.95	3.35	1.95
3916	2.01	3.25	2.90
3921	3.15	3.50	1.83
3926	2.24	3.40	2.45
3931	2.85	3.40	1.98
3936	2.40	3.30	2.33
3941	2.55	3.35	2.18
3946	2.40	3.30	2.33
3951	2.95	3.15	2.03
3956	2.33	3.30	2.40
3961	3.80	3.55	1.65
3966	1.81	3.70	3.05
3971	2.15	3.25	2.65
3976	2.70	3.30	2.10
3981	2.50	3.30	2.24
3989	2.60	3.15	2.24
3994	2.31	3.25	2.45
3999	2.75	3.35	2.05
4004	3.25	3.40	1.83
4009	3.15	3.55	1.82
4014	2.65	3.30	2.13
4019	2.65	3.20	2.18
4024	2.50	3.30	2.24
4029	2.40	3.50	2.24
4037	2.33	2.80	2.75
4042	3.05	2.75	2.18
4047	2.18	2.75	3.05
4052	2.27	2.85	2.80
4057	2.60	2.58	2.65
4062	2.55	2.75	2.54
4067	1.59	3.90	3.80
4075	3.25	3.45	1.81
4083	3.20	3.40	1.84
4091	2.11	3.45	2.60
4099	4.65	3.50	1.54
4107	2.10	3.30	2.70
4112	2.50	3.20	2.29
4117	2.40	3.30	2.33
4122	2.03	3.35	2.80
4127	2.75	3.35	2.05
4132	4.05	3.55	1.61
4137	2.50	3.25	2.26
4142	1.94	3.45	2.90
4147	3.05	3.30	1.93
4152	2.24	3.30	2.50
4157	2.65	3.40	2.09
4162	3.30	3.25	1.86
4167	3.45	3.55	1.73
4172	2.55	3.50	2.12
4177	2.40	3.30	2.33
4185	2.90	2.75	2.27
4190	2.65	2.70	2.49
4195	2.04	2.70	3.45
4200	2.80	2.60	2.45
4205	2.30	2.70	2.90
4210	2.60	2.65	2.58
4215	2.07	3.30	2.75
4223	2.75	3.40	2.03
4231	3.05	3.45	1.88
4239	2.85	3.25	2.04
4247	4.15	3.35	1.64
4255	2.18	3.35	2.55
4260	2.50	3.25	2.26
4265	2.35	3.40	2.33
4270	2.40	3.40	2.28
4275	3.25	3.55	1.79
4280	3.30	3.55	1.77
4285	2.60	3.30	2.17
4290	2.40	3.35	2.30
4298	2.90	3.35	1.98
4303	2.65	3.20	2.18
4308	2.50	3.25	2.26
4313	3.75	3.45	1.69
4318	2.85	3.45	1.97
4323	2.19	3.25	2.60
4328	1.93	3.35	3.00
4333	3.55	3.70	1.67
4341	2.16	2.75	3.10
4346	2.55	2.54	2.75
4351	2.33	2.55	3.05
4356	2.65	2.70	2.49
4361	2.65	2.53	2.65
4366	2.58	2.65	2.60
4371	1.64	3.70	3.70
4379	3.00	3.30	1.95
4387	2.40	3.40	2.28
4395	2.20	3.40	2.50
4403	2.50	3.20	2.29
4411	2.75	3.30	2.07
4416	2.50	3.20	2.29
4421	2.55	3.20	2.25
4426	2.33	3.20	2.45
4431	2.26	3.25	2.50
4436	2.95	3.30	1.97
4441	2.60	3.15	2.24
4446	2.31	3.25	2.45
4451	2.75	3.35	2.05
4456	3.25	3.40	1.83
4461	3.15	3.55	1.82
4466	2.65	3.30	2.13
4471	2.65	3.20	2.18
4476	2.50	3.30	2.24
4481	2.65	3.55	2.04
4489	1.78	3.50	3.30
4494	2.65	3.30	2.13
4499	2.26	3.45	2.40
4504	2.40	3.35	2.30
4509	3.25	3.60	1.77
4517	2.47	2.50	2.90
4522	2.90	2.70	2.30
4527	4.00	2.85	1.82
4532	3.65	2.55	2.07
4537	1.91	2.75	3.80
4541	3.80	2.40	2.13
4546	1.94	3.45	2.90
4554	3.70	3.55	1.67
4562	2.16	3.50	2.50
4570	2.30	3.35	2.40
4578	2.22	3.35	2.50
4586	2.01	3.55	2.70
4591	1.84	3.45	3.15
4596	3.05	3.25	1.95
4601	2.10	3.30	2.70
4606	2.00	3.35	2.85
4611	3.05	3.25	1.95
4616	2.28	3.30	2.45
4621	2.50	3.30	2.24
4626	3.15	3.20	1.93
4631	2.24	3.40	2.45
4636	2.50	3.25	2.26
4641	3.25	3.55	1.79
4646	2.32	3.15	2.50
4651	2.20	3.40	2.50
4656	1.80	3.55	3.20
4664	2.75	3.45	2.02
4672	2.70	2.90	2.30
4677	3.70	2.80	1.92
4682	3.25	2.55	2.22
4687	2.22	2.50	3.35
4692	3.55	2.50	2.14
4697	2.45	3.25	2.31
4705	3.40	3.75	1.70
4713	2.22	3.45	2.45
4721	3.35	3.55	1.76
4728	2.50	2.44	2.95
4733	3.00	3.30	1.95
4738	2.17	3.30	2.60
4743	2.26	3.35	2.45
4748	2.13	3.30	2.65
4753	2.45	3.20	2.33
4758	2.14	3.35	2.60
4763	3.20	3.30	1.87
4768	2.40	3.35	2.30
4773	2.35	3.25	2.40
4778	2.03	3.40	2.75
4783	2.45	3.25	2.31
4788	4.85	3.95	1.45
4793	2.65	3.20	2.18
4801	1.48	4.05	4.40
4806	3.20	2.70	2.14
4811	3.00	2.50	2.40
4815	2.18	2.65	3.20
4820	3.85	2.60	1.98
4825	3.20	2.75	2.11
4830	2.03	3.20	2.90
4838	2.35	3.45	2.30
4846	2.60	3.35	2.14
4854	1.85	3.50	3.10
4862	3.30	3.55	1.77
4870	1.95	3.50	2.85
4875	1.88	3.45	3.05
4880	2.04	3.45	2.70
4885	2.17	3.30	2.60
4890	2.60	3.30	2.17
4895	2.70	3.30	2.10
4900	2.50	3.35	2.22
4905	2.55	3.35	2.18
4910	2.22	3.35	2.50
4915	2.25	3.20	2.55
4920	3.70	3.65	1.65
4925	2.24	3.30	2.50
4930	2.55	3.20	2.25
4935	1.78	3.50	3.30
4940	2.35	3.25	2.40
4958	1.74	3.55	3.40
4963	2.18	3.35	2.55
4968	2.19	3.25	2.60
4973	2.90	3.45	1.94
4978	1.72	3.65	3.40
4983	2.55	3.15	2.27
4988	2.35	3.25	2.40
4993	2.40	3.30	2.33
4998	1.98	3.40	2.85
5003	2.18	3.20	2.65
5011	2.80	3.35	2.03
5015	3.95	3.60	1.62
5023	1.93	3.75	2.75
5031	2.55	3.45	2.14
5039	2.15	3.25	2.65
5047	2.22	3.45	2.45
5055	2.95	2.44	2.50
5060	2.31	2.65	2.95
5065	2.39	2.55	2.95
5070	4.15	2.65	1.88
5075	2.50	2.44	2.95
5080	3.90	2.55	2.00
5085	2.50	3.25	2.26
5090	2.04	3.30	2.80
5095	2.14	3.35	2.60
5100	2.17	3.15	2.70
5105	1.84	3.35	3.25
5110	2.14	3.35	2.60
5115	2.08	3.20	2.80
5120	2.05	3.35	2.75
5125	2.20	3.30	2.55
5130	2.02	3.30	2.85
5135	2.40	3.25	2.35
5140	2.30	3.35	2.40
5145	3.20	3.25	1.89
5150	1.97	3.45	2.85
5155	3.80	3.65	1.63
5163	3.25	2.45	2.31
5168	2.60	2.58	2.65
5173	2.38	2.60	2.90
5178	3.15	2.50	2.32
5183	3.10	2.34	2.50
5188	3.55	2.50	2.14
5193	2.30	3.10	2.55
5201	2.06	3.50	2.65
5209	1.96	3.55	2.80
5217	2.35	3.40	2.33
5225	2.75	3.45	2.02
5233	1.78	3.50	3.30
5238	2.05	3.35	2.75
5243	2.45	3.40	2.24
5248	1.98	3.55	2.75
5253	1.78	3.50	3.30
5258	2.65	3.30	2.13
5263	2.26	3.45	2.40
5268	2.50	3.30	2.24
5273	3.15	3.45	1.84
5281	2.60	3.30	2.17
5289	1.90	3.40	3.05
5294	2.06	3.40	2.70
5299	2.33	3.30	2.40
5304	1.98	3.35	2.90
5309	2.12	3.25	2.70
5314	2.70	3.25	2.12
5319	1.66	3.70	3.60
5324	2.25	3.20	2.55
5332	3.30	3.40	1.81
5337	2.90	2.55	2.43
5342	2.45	2.70	2.70
5347	2.90	2.55	2.42
5352	4.10	2.60	1.92
5357	2.10	3.30	2.70
5365	1.61	3.80	3.75
5373	2.18	3.20	2.65
5381	1.87	3.55	3.00
5389	3.10	3.60	1.82
5397	1.99	3.45	2.80
5402	2.17	3.30	2.60
5407	2.45	3.30	2.28
5412	2.22	3.35	2.50
5417	1.74	3.55	3.40
5422	2.18	3.35	2.55
5427	2.19	3.25	2.60
5432	2.80	3.35	2.03
5437	1.80	3.50	3.25
5442	2.55	3.15	2.27
5447	2.35	3.25	2.40
5452	2.40	3.30	2.33
5457	1.98	3.40	2.85
5462	2.18	3.20	2.65
5470	2.80	3.35	2.03
5475	2.09	3.25	2.75
5483	2.30	2.70	2.90
5488	2.95	2.70	2.27
5493	2.00	3.00	3.15
5498	5.80	2.70	1.65
5503	2.05	3.05	3.00
5508	2.03	2.70	3.50
5513	2.04	3.45	2.70
5521	2.17	3.55	2.45
5529	1.88	3.45	3.05
5537	4.00	3.50	1.63
5545	1.92	3.70	2.80
5553	3.15	3.40	1.86
5558	2.60	3.35	2.14
5563	2.10	3.30	2.70
5568	2.60	3.30	2.17
5573	1.93	3.35	3.00
5578	2.40	3.20	2.38
5583	2.45	3.25	2.31
5588	2.90	3.25	2.01
5593	2.75	3.30	2.07
5598	2.31	3.25	2.45
5603	2.75	3.25	2.09
5608	3.55	3.55	1.71
5613	3.30	3.55	1.77
5618	2.14	3.20	2.70
5623	2.55	3.25	2.22
5631	1.81	3.70	3.05
5639	2.37	2.70	2.80
5644	2.42	2.45	3.05
5649	2.09	2.65	3.40
5654	4.05	2.80	1.83
5659	2.80	2.55	2.50
5664	1.83	2.85	3.95
5669	3.00	3.20	1.99
5677	1.71	3.55	3.55
5685	2.90	3.40	1.96
5693	1.94	3.45	2.90
5701	2.75	3.30	2.07
5706	2.90	3.20	2.03
5711	2.45	3.20	2.33
5716	2.13	3.30	2.65
5721	2.85	3.20	2.06
5726	1.98	3.35	2.90
5731	2.27	3.15	2.55
5736	2.55	3.30	2.20
5741	2.27	3.15	2.55
5746	3.00	3.30	1.95
5751	3.05	3.50	1.87
5756	2.70	3.45	2.04
5761	3.25	3.45	1.81
5766	1.99	3.20	3.00
5771	2.40	3.25	2.35
5779	2.05	2.75	3.35
5784	2.70	2.60	2.54
5789	4.65	2.70	1.77
5794	2.65	2.60	2.58
5799	2.07	2.75	3.30
5804	2.13	3.30	2.65
5812	1.95	3.85	2.65
5820	2.60	3.30	2.17
5828	3.50	3.20	1.81
5836	1.98	3.65	2.70
5844	2.06	2.65	3.50
5849	2.31	3.25	2.45
5854	2.95	3.35	1.95
5859	2.02	3.30	2.85
5864	1.78	3.50	3.30
5869	2.06	3.25	2.80
5874	2.65	3.20	2.18
5879	3.10	3.50	1.85
5884	3.95	3.45	1.65
5889	2.26	3.25	2.50
5894	2.40	3.25	2.35
5899	2.80	3.45	1.99
5904	3.40	3.55	1.74
5909	2.06	3.25	2.80
5914	1.72	3.55	3.50
5919	2.60	3.30	2.17
5927	2.25	3.20	2.55
5932	2.70	3.20	2.14
5937	1.88	3.45	3.05
5942	4.25	3.65	1.56
5947	2.70	3.20	2.14
5952	2.17	3.30	2.60
5957	2.26	3.25	2.50
5962	2.65	3.35	2.11
5967	2.65	3.40	2.09
5972	1.65	3.65	3.70
5980	3.85	2.75	1.90
5985	3.00	2.50	2.40
5989	2.65	2.58	2.60
5994	2.54	2.75	2.55
5999	2.95	2.50	2.44
6004	2.34	2.65	2.90
6009	2.45	3.15	2.36
6017	3.65	3.60	1.67
6025	3.15	3.50	1.83
6033	2.55	3.50	2.12
6041	3.35	3.05	1.91
6049	1.98	3.35	2.90
6054	1.78	3.50	3.30
6059	2.11	3.35	2.65
6064	2.85	3.35	2.00
6069	3.00	3.30	1.95
6074	3.50	3.25	1.80
6079	2.60	3.30	2.17
6084	2.60	3.30	2.17
6089	2.33	3.20	2.45
6094	2.80	3.25	2.06
6099	2.45	3.30	2.28
6104	3.30	3.50	1.78
6109	2.28	3.30	2.45
6114	1.91	3.35	3.05
6119	1.36	4.25	5.60
6127	2.70	2.45	2.70
6132	3.00	2.60	2.32
6137	3.30	2.70	2.10
6142	2.65	2.53	2.65
6147	2.80	2.55	2.50
6152	2.90	2.47	2.50
6157	2.55	3.05	2.33
6165	2.95	3.65	1.86
6173	2.75	3.35	2.05
6181	2.90	3.55	1.91
6189	2.75	3.15	2.14
6197	2.26	3.35	2.45
6202	2.00	3.50	2.75
6207	3.15	3.30	1.89
6212	2.20	3.30	2.55
6217	1.95	3.30	3.00
6222	2.04	3.25	2.85
6230	2.40	3.35	2.30
6238	2.55	3.30	2.20
6243	2.75	3.30	2.07
6248	1.67	3.55	3.70
6253	2.60	3.30	2.17
6258	3.10	3.40	1.88
6263	2.04	3.25	2.85
6268	2.19	3.25	2.60
6273	1.91	3.35	3.05
6278	2.90	3.20	2.03
6283	2.17	3.30	2.60
6288	1.95	3.30	3.00
6293	1.47	4.15	4.40
6298	2.40	3.35	2.30
6306	2.70	2.54	2.60
6311	4.55	2.65	1.81
6316	3.65	2.55	2.07
6321	2.95	2.50	2.44
6326	2.75	2.54	2.55
6331	2.65	2.49	2.70
6336	3.00	3.25	1.97
6344	3.30	3.30	1.84
6352	2.60	3.10	2.26
6360	2.17	3.30	2.60
6365	2.65	3.25	2.15
6370	2.31	3.25	2.45
6375	2.20	3.30	2.55
6380	2.65	3.25	2.15
6385	2.25	3.20	2.55
6390	2.70	3.20	2.14
6395	1.95	3.35	2.95
6400	4.10	3.50	1.61
6405	2.70	3.20	2.14
6410	2.17	3.30	2.60
6415	2.35	3.25	2.40
6420	2.65	3.35	2.11
6425	2.60	3.20	2.21
6430	1.65	3.65	3.70
6438	1.96	3.40	2.90
6443	2.45	3.25	2.31
6448	1.69	3.80	3.40
6456	3.80	2.40	2.13
6461	3.50	2.35	2.28
6466	2.50	2.55	2.80
6471	2.95	2.50	2.44
6476	2.80	2.60	2.45
6481	2.12	3.25	2.70
6489	3.20	3.40	1.84
6497	2.00	3.50	2.75
6505	2.33	3.40	2.35
6513	2.35	3.40	2.33
6521	2.08	3.20	2.80
6526	1.93	3.20	3.15
6531	2.07	3.30	2.75
6536	1.99	3.30	2.90
6541	2.45	3.25	2.31
6546	2.09	3.25	2.75
6551	2.33	3.30	2.40
6556	1.69	3.80	3.40
6561	2.60	3.30	2.17
6566	2.90	3.30	1.99
6571	3.50	3.35	1.77
6576	2.24	3.30	2.50
6581	1.82	3.55	3.15
6586	2.65	3.20	2.17
6594	1.77	3.50	3.35
6602	2.60	2.65	2.58
6607	2.39	2.55	2.95
6612	2.37	2.50	3.05
6617	2.65	2.49	2.70
6622	2.45	2.65	2.75
6627	2.80	3.55	1.96
6635	2.55	3.20	2.25
6643	2.28	3.30	2.45
6651	2.50	3.35	2.22
6659	4.00	2.50	2.00
6664	2.45	3.40	2.24
6669	2.04	3.30	2.80
6674	3.10	3.20	1.94
6679	2.40	3.30	2.33
6684	1.91	3.30	3.10
6689	2.45	3.20	2.33
6694	3.05	3.35	1.91
6699	2.45	3.30	2.28
6704	1.85	3.50	3.10
6709	2.75	3.35	2.05
6714	2.55	3.20	2.25
6719	3.00	3.30	1.95
6724	1.81	3.70	3.05
6732	2.75	2.49	2.60
6737	2.80	2.50	2.55
6742	2.65	2.49	2.70
6747	1.77	3.50	3.35
6755	2.60	3.45	2.11
6763	3.15	3.40	1.86
6771	1.91	3.55	2.90
6779	1.80	3.85	3.00
6787	3.55	2.60	2.07
6792	2.24	2.60	3.15
6797	2.70	2.60	2.54
6802	2.04	3.25	2.85
6807	2.31	3.25	2.45
6812	2.95	3.20	2.01
6817	2.21	3.20	2.60
6822	1.99	3.30	2.90
6827	2.70	3.25	2.12
6832	3.70	3.40	1.71
6837	3.05	3.30	1.93
6842	1.97	3.25	3.00
6847	2.55	3.25	2.22
6852	1.95	3.35	2.95
6857	1.98	3.40	2.85
6862	1.80	3.55	3.20
6867	2.40	3.35	2.30
6875	2.18	3.35	2.55
6880	2.13	3.30	2.65
6885	2.90	3.25	2.01
6890	2.70	3.25	2.12
6895	2.55	3.25	2.22
6900	2.60	3.40	2.12
6905	2.26	3.35	2.45
6910	2.06	3.25	2.80
6915	3.35	3.45	1.78
6923	2.40	3.30	2.33
6928	2.25	2.65	3.05
6933	2.95	2.50	2.44
6938	2.15	2.85	3.00
6943	2.38	2.60	2.90
6948	2.65	2.65	2.53
6953	3.75	3.35	1.71
6961	2.20	3.40	2.50
6966	2.40	3.30	2.33
6971	2.00	3.35	2.85
6976	2.80	3.45	1.99
6981	2.33	3.30	2.40
6986	2.09	3.25	2.75
6991	4.20	3.45	1.61
6996	3.10	3.25	1.93
7001	2.70	3.35	2.08
7006	1.98	3.35	2.90
7011	2.45	3.25	2.31
7016	2.50	3.10	2.34
7021	2.35	3.25	2.40
7026	3.70	3.25	1.75
7031	2.75	3.55	1.98
7039	2.30	2.75	2.85
7044	3.60	2.45	2.16
7049	2.08	3.20	2.80
7057	2.26	3.25	2.50
7065	2.60	3.10	2.26
7073	2.28	3.40	2.40
7081	1.99	3.70	2.65
7089	2.50	3.20	2.29
7094	2.80	3.25	2.06
7099	2.55	3.30	2.20
7104	3.20	3.25	1.89
7109	1.96	3.40	2.90
7114	2.45	3.25	2.31
7119	1.74	3.70	3.30
7127	2.04	3.25	2.85
7135	1.90	3.60	2.90
7140	2.14	3.55	2.50
7145	2.65	3.30	2.13
7150	2.03	3.35	2.80
7155	3.05	3.40	1.90
7160	1.75	3.65	3.30
7165	2.60	3.30	2.17
7170	2.40	3.35	2.30
7175	1.85	3.70	2.95
7180	3.35	3.50	1.77
7185	2.90	3.55	1.91
7190	1.89	3.35	3.10
7195	3.30	3.30	1.84
7203	2.24	3.40	2.45
7208	2.75	2.70	2.40
7213	2.42	2.45	3.05
7218	2.85	2.42	2.60
7223	2.30	2.75	2.85
7228	2.39	2.55	2.95
7233	3.55	2.55	2.10
7238	2.45	3.30	2.28
7246	2.65	3.20	2.18
7254	2.85	3.35	2.00
7262	2.20	3.40	2.50
7270	2.20	3.30	2.55
7278	3.05	3.35	1.91
7283	2.40	3.20	2.38
7288	2.24	3.30	2.50
7293	2.90	3.35	1.98
7298	3.30	3.40	1.81
7303	2.18	3.35	2.55
7308	2.13	3.30	2.65
7313	2.90	3.25	2.01
7318	2.70	3.25	2.12
7323	2.55	3.25	2.22
7328	3.25	3.50	1.80
7333	2.26	3.35	2.45
7338	2.06	3.25	2.80
7343	3.30	3.35	1.83
7351	2.40	3.30	2.33
7396	1.95	3.35	2.95
7401	3.05	3.30	1.93
7406	1.95	3.50	2.85
7414	3.30	2.60	2.16
7419	2.65	2.49	2.70
7424	2.65	2.53	2.65
7429	2.60	2.38	2.90
7434	2.65	2.65	2.53
7439	3.15	2.60	2.24
7444	2.18	3.20	2.65
7452	3.35	3.55	1.76
7460	2.12	3.40	2.60
7468	2.24	3.30	2.50
7476	2.45	3.40	2.24
7484	2.31	3.25	2.45
7489	3.10	3.40	1.88
7494	2.85	3.25	2.04
7499	2.50	3.20	2.29
7504	2.21	3.20	2.60
7509	2.65	3.30	2.13
7514	3.35	3.25	1.84
7519	2.10	3.30	2.70
7524	3.25	3.30	1.86
7529	2.50	3.30	2.24
7534	2.50	3.30	2.24
7539	2.80	3.45	1.99
7544	4.00	3.50	1.63
7549	2.09	3.25	2.75
7557	2.16	3.40	2.55
7562	3.15	2.55	2.27
7567	2.65	3.40	2.09
7575	2.33	2.55	3.05
7580	2.50	2.50	2.85
7585	2.18	2.45	3.55
7590	2.22	2.70	3.05
7595	3.35	2.60	2.14
7600	2.12	3.05	2.85
7608	2.75	3.45	2.02
7616	1.79	3.80	3.05
7624	1.88	3.45	3.05
7632	2.33	3.30	2.40
7637	2.35	3.35	2.35
7642	3.00	3.50	1.89
7647	2.45	3.40	2.24
7652	3.45	3.35	1.78
7657	2.25	3.20	2.55
7662	1.95	3.35	2.95
7667	2.80	3.25	2.06
7672	3.05	3.25	1.95
7677	2.60	3.25	2.19
7682	2.08	3.20	2.80
7687	3.00	3.30	1.95
7692	2.13	3.30	2.65
7697	2.95	3.30	1.97
7702	2.18	3.45	2.50
7710	2.18	2.75	3.05
7715	3.50	2.75	2.00
7720	2.65	2.41	2.80
7725	2.70	3.05	2.22
7733	2.60	3.40	2.12
7741	1.98	3.55	2.75
7749	1.61	3.65	3.95
7757	3.05	3.35	1.91
7765	2.85	2.46	2.55
7770	2.22	2.40	3.55
7775	3.85	2.60	1.98
7780	2.08	3.20	2.80
7785	2.90	3.45	1.94
7790	2.24	3.15	2.60
7795	2.11	3.35	2.65
7800	2.50	3.30	2.24
7805	2.95	3.25	1.99
7810	2.01	3.40	2.80
7815	2.70	3.25	2.12
7820	2.70	3.30	2.10
7825	3.10	3.35	1.89
7830	2.35	3.35	2.35
7835	3.15	3.50	1.83
7840	2.20	3.40	2.50
7845	3.10	3.40	1.88
7850	2.04	3.25	2.85
7858	2.65	3.20	2.18
7863	2.12	3.25	2.70
7868	2.22	3.35	2.50
7873	2.45	3.30	2.28
7878	2.26	3.25	2.50
7883	2.70	3.40	2.06
7888	2.24	3.30	2.50
7893	3.35	3.35	1.81
7898	2.04	3.45	2.70
7903	1.52	3.85	4.30
7911	2.50	2.47	2.90
7916	4.05	2.55	1.96
7921	2.30	2.75	2.85
7926	3.20	2.60	2.21
7931	2.65	2.70	2.49
7936	2.55	3.15	2.27
7944	2.40	3.30	2.33
7952	2.18	3.35	2.55
7960	2.18	3.35	2.55
7968	4.40	3.80	1.52
7976	3.25	3.45	1.81
7981	2.14	3.15	2.75
7986	1.94	3.40	2.95
7991	2.03	3.40	2.75
7996	2.18	3.35	2.55
8001	2.01	3.25	2.90
8006	2.65	3.20	2.18
8011	2.95	3.30	1.97
8016	2.75	3.30	2.07
8021	2.17	3.15	2.70
8026	2.70	3.20	2.14
8031	2.35	3.35	2.35
8036	2.80	3.30	2.04
8041	2.18	3.35	2.55
8046	1.66	3.55	3.75
8054	3.35	2.50	2.22
8058	2.54	2.60	2.70
8063	3.75	2.55	2.04
8068	2.02	3.45	2.75
8076	2.35	3.40	2.33
8084	2.40	3.35	2.30
8092	2.85	3.35	2.00
8100	2.60	3.10	2.26
8108	2.06	3.25	2.80
8113	2.00	3.35	2.85
8118	1.93	3.30	3.05
8123	2.33	3.30	2.40
8128	2.08	3.35	2.70
8133	2.90	3.40	1.96
8138	2.40	3.35	2.30
8143	2.65	3.20	2.18
8148	2.01	3.25	2.90
8153	3.05	3.30	1.93
8158	1.92	3.40	3.00
8166	2.13	3.30	2.65
8174	2.08	3.35	2.70
8179	3.55	3.45	1.73
8184	2.40	3.20	2.38
8189	2.50	3.20	2.29
8194	3.05	3.30	1.93
8199	1.87	3.50	3.05
8207	2.60	2.42	2.85
8212	3.45	2.65	2.07
8217	2.50	2.55	2.80
8222	2.85	2.42	2.60
8227	3.85	2.55	2.01
8232	1.94	2.80	3.60
8237	2.35	3.25	2.40
8245	2.75	3.20	2.11
8253	2.25	3.20	2.55
8261	1.93	3.50	2.90
8269	4.25	3.40	1.61
8277	2.28	3.30	2.45
8282	3.80	3.45	1.68
8287	1.53	3.75	4.35
8292	2.16	3.40	2.55
8297	3.25	3.35	1.84
8302	2.65	3.20	2.18
8307	2.12	3.25	2.70
8312	2.22	3.35	2.50
8317	2.45	3.30	2.28
8322	2.26	3.25	2.50
8327	2.70	3.40	2.06
8332	2.24	3.30	2.50
8337	3.35	3.35	1.81
8342	2.04	3.45	2.70
8347	1.52	3.85	4.30
8355	2.40	3.20	2.31
8360	1.88	3.35	3.00
8368	2.95	2.45	2.41
8373	2.18	2.50	3.30
8378	3.05	2.45	2.34
8383	2.46	2.55	2.75
8388	3.30	2.50	2.18
8393	1.78	2.80	4.10
8398	2.15	3.05	2.70
8406	2.30	3.50	2.26
8414	2.70	3.60	1.94
8422	2.95	2.90	2.09
8430	3.50	3.50	1.69
8438	2.12	3.35	2.55
8443	1.72	3.40	3.50
8448	2.12	3.35	2.55
8453	1.92	3.30	2.95
8458	2.07	3.30	2.65
8463	2.35	3.25	2.33
8468	2.13	3.25	2.60
8473	2.14	3.30	2.55
8478	3.05	3.20	1.91
8483	3.15	3.15	1.89
8488	2.90	3.30	1.94
8493	2.95	3.25	1.94
8498	2.08	3.20	2.70
8503	2.40	3.20	2.31
8508	2.50	3.15	2.25
8516	3.05	3.35	1.86
8524	2.75	2.46	2.55
8529	2.10	2.55	3.40
8534	2.70	2.37	2.70
8539	2.95	2.60	2.28
8544	3.00	2.45	2.37
8549	1.92	2.70	3.70
8554	2.20	3.10	2.60
8562	3.50	3.40	1.72
8570	3.55	3.50	1.68
8577	2.95	2.95	2.06
8585	1.92	3.30	2.95
8590	2.18	3.30	2.50
8595	1.99	3.30	2.80
8600	1.99	3.30	2.80
8605	1.80	3.40	3.20
8610	2.45	3.15	2.29
8615	3.20	3.30	1.83
8620	2.18	3.30	2.50
8625	2.95	3.35	1.90
8630	3.20	3.20	1.86
8635	2.70	3.25	2.06
8640	2.06	3.25	2.70
8645	2.60	3.10	2.20
8650	1.87	3.45	2.95
8658	3.00	2.50	2.33
8663	2.95	2.45	2.41
8668	3.00	2.50	2.33
8673	2.07	3.10	2.80
8681	2.40	3.40	2.21
8689	2.60	3.30	2.10
8697	3.35	3.15	1.83
8705	3.50	3.55	1.68
8713	2.23	2.40	3.35
8718	2.70	2.55	2.50
8723	1.89	2.70	3.80
8728	2.14	3.30	2.55
8733	2.45	3.35	2.19
8738	2.35	3.25	2.33
8743	1.47	3.85	4.50
8748	2.70	3.20	2.08
8753	2.28	3.25	2.40
8758	2.24	3.25	2.45
8763	2.80	3.25	2.01
8768	2.80	3.25	2.01
8773	2.20	3.25	2.50
8778	2.40	3.20	2.31
8783	2.45	3.30	2.21
8788	2.24	3.25	2.45
8793	2.28	3.25	2.40
8798	2.10	3.30	2.60
8806	2.35	3.25	2.33
8811	1.94	3.30	2.90
8816	2.75	3.15	2.08
8821	4.30	3.55	1.54
8826	2.35	3.40	2.26
8831	2.30	3.30	2.35
8836	2.17	3.15	2.60
8841	2.25	3.15	2.50
8849	3.15	2.55	2.21
8854	2.32	2.55	2.95
8859	2.65	2.37	2.75
8864	3.00	2.45	2.37
8869	3.80	2.40	2.07
8874	3.80	2.50	2.00
8879	2.14	3.30	2.55
8887	2.85	3.35	1.95
8895	1.72	3.65	3.25
8903	1.98	3.25	2.85
8911	2.24	3.15	2.50
8919	2.22	3.20	2.50
8924	2.45	3.25	2.24
8929	4.30	3.50	1.55
8934	2.60	3.25	2.13
8939	2.55	3.30	2.14
8944	2.14	3.30	2.55
8949	2.45	3.15	2.29
8954	1.89	3.40	2.95
8959	2.26	3.30	2.40
8964	2.95	3.35	1.90
8969	1.81	3.35	3.20
8974	1.90	3.30	3.00
8979	2.26	3.20	2.45
8984	3.40	3.40	1.74
8989	3.20	3.20	1.86
8997	1.80	3.40	3.20
9005	2.45	3.30	2.21
9013	1.51	4.00	4.00
9021	2.07	3.40	2.60
9029	1.97	3.35	2.80
9034	2.50	3.30	2.18
9039	2.12	3.35	2.55
9044	1.77	3.45	3.25
9054	2.50	3.30	2.18
9059	2.23	3.35	2.40
9064	2.40	3.25	2.28
9069	2.40	3.20	2.31
9074	1.88	3.35	3.00
9082	2.40	3.25	2.28
9090	3.45	2.50	2.11
9095	2.38	2.60	2.80
9100	2.45	2.37	3.00
9105	2.90	2.50	2.39
9110	3.60	2.70	1.94
9115	2.15	2.75	3.00
9120	2.90	3.50	1.88
9125	1.73	3.35	3.50
9130	2.40	3.20	2.31
9135	2.65	3.25	2.09
9140	1.73	3.55	3.30
9145	1.81	3.55	3.05
9150	2.33	3.25	2.35
9155	2.60	3.25	2.13
9160	4.05	3.50	1.59
9165	2.01	3.25	2.80
9170	2.03	3.25	2.75
9178	3.10	3.25	1.88
9183	2.08	3.15	2.75
9190	1.94	3.45	2.80
9198	1.59	3.75	3.75
9206	2.03	3.25	2.75
9214	1.99	3.45	2.70
9222	2.44	2.45	2.90
9226	2.27	2.50	3.10
9231	3.05	2.45	2.34
9236	3.00	2.45	2.37
9241	3.70	2.55	2.00
9246	2.39	2.50	2.90
9251	1.83	3.40	3.10
9256	2.40	3.10	2.36
9261	1.80	3.45	3.15
9266	2.33	3.25	2.35
9271	2.40	3.35	2.23
9276	2.35	3.25	2.33
9281	1.94	3.30	2.90
9286	2.75	3.15	2.08
9291	4.10	3.45	1.59
9296	2.30	3.30	2.35
9301	2.30	3.30	2.35
9306	2.11	3.20	2.65
9311	2.25	3.15	2.50
9319	2.90	3.20	1.98
9327	1.91	3.40	2.90
9335	1.86	3.50	2.95
9343	1.97	3.50	2.70
9351	2.75	3.20	2.06
9359	2.90	3.25	1.96
9367	3.35	2.60	2.08
9372	2.06	2.45	3.70
9377	3.20	2.35	2.35
9382	2.50	2.60	2.65
9387	2.75	2.41	2.60
9392	1.83	2.80	3.85
9397	2.25	3.15	2.50
9402	2.45	3.20	2.26
9407	2.33	3.25	2.35
9412	3.40	3.30	1.77
9417	1.89	3.40	2.95
9422	2.35	3.30	2.30
9427	2.22	3.20	2.50
9432	2.70	3.20	2.08
9437	2.50	3.25	2.20
9442	3.50	3.35	1.73
9447	3.85	3.60	1.60
9452	2.65	3.30	2.07
9457	2.40	3.35	2.23
9462	2.15	3.20	2.60
9467	2.00	3.20	2.85
9475	1.97	3.30	2.85
9483	2.05	2.55	3.55
9488	3.10	2.36	2.40
9493	3.05	2.60	2.22
9498	3.15	2.40	2.33
9503	1.83	2.80	3.85
9508	1.97	3.35	2.80
9516	2.45	3.40	2.17
9524	3.25	3.40	1.78
9532	3.35	3.05	1.86
9540	2.80	2.55	2.42
9545	1.93	3.40	2.85
9550	2.70	3.15	2.11
9555	1.88	3.30	3.05
9560	2.21	3.40	2.40
9565	2.29	3.15	2.45
9570	2.95	3.20	1.96
9575	2.30	3.30	2.35
9580	2.24	3.25	2.45
9585	2.60	3.15	2.17
9590	3.15	3.30	1.84
9595	2.33	3.25	2.35
9600	4.35	3.70	1.51
9605	1.80	3.35	3.25
9610	2.80	3.15	2.05
9615	2.08	3.20	2.70
9623	2.34	2.65	2.80
9628	2.16	2.65	3.10
9633	2.45	3.30	2.21
9641	2.50	3.30	2.18
9649	1.82	3.45	3.10
9657	2.10	3.30	2.60
9665	3.70	3.25	1.71
9673	2.31	2.40	3.20
9678	3.65	2.40	2.12
9683	3.25	2.60	2.13
9688	2.50	3.15	2.25
9693	2.00	3.35	2.75
9698	2.40	3.15	2.33
9703	1.69	3.50	3.50
9708	2.95	3.30	1.92
9713	2.33	3.25	2.35
9718	3.00	3.25	1.92
9723	3.15	3.35	1.83
9728	1.95	3.50	2.75
9733	3.45	3.50	1.70
9738	2.70	3.30	2.04
9743	2.70	3.30	2.04
9748	2.33	3.15	2.40
9753	1.88	3.35	3.00
9758	2.40	3.25	2.28
9766	2.40	3.15	2.33
9771	1.86	3.30	3.10
9776	2.30	3.30	2.35
9781	2.85	3.15	2.02
9786	3.15	3.20	1.88
9791	2.16	3.25	2.55
9796	2.80	3.15	2.05
9801	2.65	3.30	2.07
9806	2.75	3.20	2.06
9811	1.50	3.80	4.30
9819	4.55	2.60	1.79
9824	2.65	2.45	2.65
9829	3.65	2.45	2.08
9834	2.80	2.50	2.47
9839	3.35	2.50	2.15
9844	2.40	2.39	3.05
9849	2.50	3.10	2.27
9857	1.94	3.45	2.80
9865	1.76	3.55	3.20
9873	2.45	3.25	2.24
9881	3.25	3.30	1.81
9889	2.45	3.10	2.31
9894	2.65	3.30	2.07
9899	2.70	3.15	2.11
9904	2.60	3.25	2.13
9909	2.24	3.25	2.45
9914	1.70	3.50	3.45
9919	2.45	3.30	2.21
9924	2.05	3.35	2.65
9929	2.13	3.25	2.60
9934	1.96	3.25	2.90
9939	2.90	3.25	1.96
9944	2.35	3.30	2.30
9949	2.35	3.30	2.30
9957	2.26	2.45	3.20
9962	3.35	2.65	2.05
9967	2.36	2.40	3.10
9972	3.40	2.50	2.13
9977	2.65	3.15	2.14
9985	1.97	3.35	2.80
9993	2.70	3.35	2.02
10001	2.13	3.40	2.50
10009	2.06	3.25	2.70
10017	2.35	3.25	2.33
10022	2.28	3.25	2.40
10027	1.70	3.40	3.55
10032	2.27	3.10	2.50
10037	1.93	3.35	2.90
10042	1.77	3.40	3.30
10047	2.31	3.20	2.40
10052	2.35	3.30	2.30
10057	2.90	3.20	1.98
10065	2.11	3.20	2.65
10070	2.28	3.25	2.40
10075	2.17	3.15	2.60
10080	3.00	3.30	1.90
10085	2.65	3.30	2.07
10090	3.90	3.50	1.61
10095	2.55	3.25	2.16
10100	1.48	3.90	4.35
10108	3.75	2.45	2.05
10113	2.43	2.50	2.85
10118	4.35	2.55	1.85
10123	3.35	2.28	2.35
10128	3.40	2.40	2.21
10133	3.10	2.60	2.20
10138	2.85	3.25	1.98
10146	2.65	3.05	2.19
10154	2.80	3.45	1.94
10162	2.70	3.30	2.04
10170	2.35	3.30	2.30
10178	2.15	3.20	2.60
10183	2.14	3.30	2.55
10188	1.77	3.45	3.25
10193	1.94	3.30	2.90
10198	1.99	3.30	2.80
10203	2.40	3.15	2.33
10208	1.86	3.30	3.10
10213	2.30	3.30	2.35
10218	2.85	3.15	2.02
10223	3.15	3.20	1.88
10228	2.50	3.20	2.22
10233	2.80	3.15	2.05
10238	2.65	3.30	2.07
10243	2.75	3.20	2.06
10248	1.50	3.80	4.30
10256	2.70	3.15	2.11
10261	1.97	3.30	2.85
10269	2.30	2.70	2.80
10274	2.70	2.33	2.75
10279	2.80	2.34	2.65
10284	3.35	3.25	1.80
10292	2.90	3.40	1.91
10300	2.00	3.20	2.85
10308	2.75	3.05	2.12
10316	2.09	3.35	2.60
10324	3.00	3.30	1.90
10329	2.30	3.30	2.35
10334	2.85	3.20	2.00
10339	1.66	3.45	3.70
10344	2.17	3.15	2.60
10349	1.97	3.35	2.80
10354	2.40	3.30	2.26
10359	2.35	3.30	2.30
10364	2.90	3.10	2.02
10369	2.06	3.25	2.70
10374	3.15	3.45	1.80
10379	3.30	3.25	1.81
10384	1.98	3.40	2.75
10392	2.70	3.15	2.11
10397	1.94	2.60	3.80
10402	3.65	3.35	1.69
10410	2.85	2.55	2.38
10415	2.65	2.45	2.65
10419	1.82	2.60	4.35
10424	2.60	2.34	2.85
10429	3.50	2.50	2.10
10434	2.65	3.40	2.04
10442	2.26	3.30	2.40
10450	3.90	3.30	1.66
10458	2.60	3.40	2.07
10466	2.50	3.20	2.22
10471	3.30	3.25	1.81
10476	2.15	3.20	2.60
10481	2.35	3.20	2.35
10486	2.33	3.25	2.35
10491	2.21	3.30	2.45
10496	2.11	3.55	2.45
10501	2.08	3.20	2.70
10506	1.95	3.35	2.85
10511	3.15	3.35	1.83
10516	2.18	3.20	2.55
10521	2.50	3.30	2.18
10526	2.17	3.40	2.45
10531	2.35	3.25	2.33
10539	2.90	2.27	2.65
10544	3.05	2.45	2.34
10549	2.60	2.41	2.75
10554	2.85	3.05	2.07
10562	2.21	3.30	2.45
10569	2.55	3.30	2.14
10577	3.15	3.30	1.84
10585	2.85	3.40	1.93
10593	3.00	2.50	2.33
10598	2.24	2.35	3.45
10603	2.11	3.20	2.65
10608	1.87	3.45	2.95
10613	2.20	3.25	2.50
10618	2.50	3.25	2.20
10623	1.70	3.45	3.50
10628	2.14	3.30	2.55
10633	2.28	3.25	2.40
10638	2.90	3.35	1.93
10643	2.26	3.20	2.45
10648	3.15	3.25	1.86
10653	2.24	3.25	2.45
10658	2.70	3.55	1.96
10663	2.25	3.15	2.50
10668	2.21	3.30	2.45
10673	2.35	3.30	2.30
10681	1.92	3.25	3.00
10686	2.18	3.30	2.50
10691	2.35	3.25	2.33
10696	2.40	3.25	2.28
10701	3.15	3.50	1.79
10706	2.40	3.30	2.26
10711	1.92	3.25	3.00
10716	1.95	3.50	2.75
10721	3.75	3.35	1.67
10729	3.65	2.65	1.96
10734	2.40	2.50	2.90
10739	2.55	2.46	2.75
10744	2.14	2.65	3.15
10749	4.25	2.55	1.87
10754	3.45	2.60	2.05
10759	2.07	3.30	2.65
10767	2.85	3.40	1.93
10775	1.69	3.60	3.40
10783	2.85	3.25	1.98
10791	2.90	3.05	2.04
10799	2.21	3.30	2.45
10804	2.29	3.15	2.45
10809	2.31	3.20	2.40
10814	2.30	3.30	2.35
10819	2.02	3.30	2.75
10824	1.78	3.35	3.30
10829	2.25	3.15	2.50
10834	3.00	3.30	1.90
10839	3.15	3.20	1.88
10844	1.95	3.35	2.85
10849	1.90	3.35	2.95
10854	2.50	3.25	2.20
10859	3.45	3.55	1.69
10864	2.01	3.40	2.70
10869	4.25	3.40	1.58
10877	2.80	2.38	2.60
10882	2.08	2.70	3.20
10887	4.60	2.55	1.81
10892	1.95	3.35	2.85
10900	3.10	3.30	1.86
10908	2.75	3.30	2.02
10916	1.96	3.40	2.80
10924	4.85	3.55	1.48
10932	2.95	3.35	1.90
10937	1.73	3.30	3.55
10942	2.75	3.25	2.03
10947	3.30	3.50	1.74
10952	1.97	3.35	2.80
10957	3.45	3.20	1.78
10962	3.40	3.35	1.75
10967	2.70	3.15	2.11
10972	1.97	3.30	2.85
10980	4.15	2.55	1.89
10985	2.80	2.38	2.60
10990	2.55	2.38	2.85
10995	2.22	2.60	3.05
11000	3.95	2.50	1.96
11005	2.95	2.50	2.36
11010	1.94	3.45	2.80
11018	3.30	3.40	1.77
11026	2.35	3.40	2.26
11034	2.01	3.55	2.60
11042	4.25	3.40	1.58
11050	2.14	3.30	2.55
11055	2.60	3.10	2.20
11060	2.40	3.25	2.28
11065	2.40	3.25	2.28
11070	2.95	3.30	1.92
11075	2.60	3.25	2.13
11080	1.92	3.25	3.00
11085	2.18	3.30	2.50
11090	2.35	3.25	2.33
11095	2.40	3.25	2.28
11100	3.15	3.50	1.79
11105	2.40	3.30	2.26
11110	1.92	3.25	3.00
11115	2.01	3.40	2.70
11120	3.65	3.25	1.72
11272	2.85	2.75	2.30
11277	2.60	2.70	2.53
11282	2.80	2.90	2.23
11287	2.08	2.70	3.35
11292	2.75	2.80	2.33
11297	2.29	2.60	3.05
11302	2.65	3.20	2.18
11307	2.35	3.40	2.33
11312	2.08	3.20	2.80
11317	2.11	3.35	2.65
11322	2.07	3.45	2.65
11327	2.01	3.40	2.80
11332	1.69	3.75	3.45
11337	2.45	3.40	2.24
11342	1.99	3.30	2.90
11347	2.45	3.45	2.22
11352	2.24	3.30	2.50
11357	2.80	3.50	1.97
11362	1.98	3.40	2.85
11367	1.91	3.55	2.90
11372	2.40	3.30	2.33
11380	2.15	2.65	3.25
11385	2.45	2.80	2.60
11390	2.41	2.65	2.80
11395	2.16	2.75	3.10
11400	1.86	3.60	3.00
11408	2.00	3.70	2.64
11416	1.99	3.60	2.70
11423	2.80	3.50	1.97
11431	4.15	3.70	1.57
11439	2.24	3.30	2.50
11444	2.06	3.40	2.70
11449	2.70	3.20	2.14
11454	2.03	3.40	2.75
11459	2.11	3.35	2.65
11464	2.50	3.35	2.22
11469	2.45	3.30	2.28
11474	2.40	3.30	2.33
11479	2.33	3.30	2.40
11484	2.40	3.50	2.24
11489	2.60	3.35	2.14
11494	2.50	3.20	2.29
11499	2.11	3.35	2.65
11507	2.70	3.20	2.14
11512	2.03	3.40	2.75
11517	2.11	3.35	2.65
11522	2.50	3.35	2.22
11527	2.45	3.30	2.28
11532	2.40	3.30	2.33
11537	2.33	3.30	2.40
11542	2.40	3.50	2.24
11547	2.60	3.35	2.14
11552	2.50	3.20	2.29
11557	2.11	3.35	2.65
11565	2.06	2.80	3.25
11570	2.70	2.85	2.34
11575	1.78	2.90	4.10
11580	2.50	2.55	2.80
11585	3.10	2.80	2.13
11590	2.05	3.00	3.05
11595	2.80	3.45	1.99
11603	2.01	3.40	2.80
11611	2.70	3.15	2.17
11619	1.91	3.55	2.90
11624	2.04	3.55	2.65
11629	2.04	3.30	2.80
11634	2.60	3.35	2.14
11639	2.90	3.50	1.93
11644	1.98	3.40	2.85
11649	2.45	3.30	2.28
11654	2.45	3.30	2.28
11659	2.75	3.35	2.05
11664	2.35	3.25	2.40
11669	2.55	3.20	2.25
11674	2.45	3.35	2.26
11679	2.45	3.30	2.28
11684	2.40	3.25	2.35
11689	2.45	3.20	2.33
11697	3.10	2.50	2.34
11702	2.70	2.85	2.33
11707	1.69	3.25	4.00
11712	1.85	3.50	3.10
11720	2.03	3.50	2.70
11728	2.60	3.35	2.14
11736	3.70	3.55	1.67
11744	1.59	3.80	3.90
11749	2.33	3.20	2.45
11754	2.55	3.40	2.16
11759	2.24	3.30	2.50
11764	1.83	3.55	3.10
12320	2.02	3.45	2.75
12328	2.70	3.60	1.99
12336	2.55	3.45	2.14
12344	1.75	3.70	3.25
12352	2.55	2.50	2.80
12357	2.60	2.70	2.54
12362	4.60	2.80	1.74
12367	2.35	3.25	2.40
12372	2.60	3.35	2.14
12377	2.28	3.30	2.45
12382	1.83	3.45	3.20
12387	2.17	3.30	2.60
12392	2.03	3.50	2.70
12397	2.60	3.40	2.12
12402	2.45	3.30	2.28
12407	2.40	3.50	2.24
12412	2.70	3.30	2.10
12417	2.85	3.40	1.98
12422	2.60	3.35	2.14
12427	1.91	3.30	3.10
12435	2.45	2.70	2.70
12440	2.80	2.60	2.45
12445	2.07	3.55	2.60
12453	1.75	4.00	3.05
12461	2.80	3.75	1.90
12469	2.35	3.25	2.40
12477	2.05	3.35	2.75
12485	2.33	2.75	2.80
12490	2.95	2.50	2.44
12495	3.15	2.70	2.17
12500	4.60	3.10	1.64
12505	2.31	3.25	2.45
12510	2.12	3.40	2.60
12515	2.65	3.25	2.15
12520	2.55	3.50	2.12
12525	1.96	3.40	2.90
12530	2.22	3.25	2.55
12535	2.55	3.40	2.16
12540	2.50	3.30	2.24
12545	2.35	3.40	2.33
12550	2.45	3.35	2.26
12555	2.35	3.35	2.35
12560	2.24	3.15	2.60
12565	2.50	3.50	2.16
12570	3.95	3.40	1.66
12578	3.20	2.70	2.14
12583	2.70	2.60	2.54
12588	2.31	3.25	2.45
12596	1.68	3.65	3.55
12604	2.75	3.80	1.91
12612	2.30	3.45	2.35
12619	1.56	3.85	4.00
12627	2.45	2.75	2.65
12632	4.55	2.70	1.79
12637	3.20	2.75	2.11
12642	3.55	2.90	1.91
12647	2.65	3.30	2.13
12652	2.60	3.25	2.19
12660	2.80	3.30	2.04
12665	2.20	3.30	2.55
12670	2.65	3.30	2.13
12675	2.85	3.20	2.06
12680	2.24	3.30	2.50
12685	2.30	3.45	2.35
12690	2.45	3.25	2.31
12695	2.07	3.30	2.75
12700	2.90	3.45	1.94
12705	2.90	3.55	1.91
12710	3.35	3.45	1.78
12715	2.06	3.20	2.85
12720	2.40	3.30	2.33
13454	2.37	2.80	2.70
13459	3.45	2.60	2.11
13464	2.22	2.55	3.25
13469	3.40	2.95	1.94
13474	2.41	2.70	2.75
13479	3.25	3.25	1.87
13487	3.50	3.55	1.72
13495	3.50	3.55	1.72
13503	1.92	3.40	3.00
13511	3.35	3.50	1.77
13519	1.67	3.65	3.60
13524	2.35	3.25	2.40
13529	1.62	3.60	3.95
13534	2.70	3.45	2.04
13539	2.29	3.20	2.50
13544	2.40	3.30	2.33
13549	2.21	3.20	2.60
13554	3.10	3.35	1.89
13559	2.18	3.35	2.55
13564	2.33	3.30	2.40
13569	2.08	3.35	2.70
13574	2.75	3.15	2.14
13579	2.12	3.40	2.60
13584	1.96	3.40	2.90
13589	1.98	3.40	2.85
13597	2.50	2.80	2.55
13602	1.96	3.10	3.15
13607	2.21	2.80	2.95
13612	3.05	3.20	1.96
13620	3.15	3.35	1.87
13628	2.90	3.45	1.94
13636	1.76	3.65	3.25
13644	2.22	3.45	2.45
13652	3.55	2.65	2.04
13657	2.38	2.65	2.85
13662	3.60	2.70	1.99
13667	1.98	3.35	2.90
13672	2.04	3.45	2.70
13677	2.14	3.35	2.60
13682	2.35	3.25	2.40
13687	2.31	3.25	2.45
13692	2.70	3.30	2.10
13697	2.18	3.35	2.55
13702	2.17	3.30	2.60
13707	2.40	3.35	2.30
13712	1.93	3.50	2.90
13717	1.76	3.55	3.35
13722	2.31	3.25	2.45
13727	2.55	3.20	2.25
13732	2.33	3.30	2.40
13737	3.50	3.35	1.77
13745	1.99	2.95	3.25
13750	2.49	2.65	2.70
13755	2.54	2.70	2.60
13760	3.40	2.75	2.03
13765	2.45	3.20	2.33
13773	2.90	3.30	1.99
13780	3.95	3.70	1.60
13788	1.58	3.95	3.80
13796	2.35	3.50	2.28
13804	2.70	2.70	2.45
13809	2.07	2.60	3.55
13814	2.25	3.20	2.55
13819	2.70	3.40	2.06
13824	2.40	3.30	2.33
13829	2.26	3.25	2.50
13834	2.45	3.25	2.31
13839	3.30	3.40	1.81
13844	2.31	3.25	2.45
13849	1.87	3.50	3.05
13854	2.14	3.45	2.55
13859	1.58	3.65	4.10
13864	2.45	3.40	2.24
13869	2.18	3.35	2.55
13874	2.55	3.10	2.30
13879	2.45	3.20	2.33
13884	1.97	3.30	2.95
13892	1.97	3.30	2.95
13900	3.05	3.25	1.95
13905	2.40	3.30	2.33
13910	3.45	3.45	1.76
13915	2.45	3.30	2.28
13920	2.28	3.50	2.35
13925	2.70	3.25	2.12
13930	3.10	3.60	1.82
13935	2.55	3.35	2.18
13940	2.65	3.25	2.15
13945	3.55	3.95	1.63
13950	2.90	3.40	1.96
13958	1.53	3.90	4.20
13966	2.85	3.30	2.02
13974	2.75	3.35	2.05
13982	3.00	3.70	1.83
13990	1.91	3.65	2.85
13998	1.93	3.55	2.85
14003	1.88	3.40	3.10
14008	2.45	3.30	2.28
14013	2.40	3.30	2.33
14018	2.06	3.50	2.65
14023	2.08	3.35	2.70
14028	2.01	3.40	2.80
14033	3.05	3.30	1.93
14038	2.60	3.30	2.17
14043	2.55	3.25	2.22
14048	1.84	3.40	3.20
14053	3.30	3.40	1.81
14058	3.25	3.25	1.87
14063	1.86	3.60	3.00
14071	1.95	3.50	2.85
14076	3.05	3.30	1.93
14081	2.60	3.30	2.17
14086	2.60	3.30	2.16
14091	1.73	3.60	3.40
14096	3.40	3.55	1.74
14101	3.25	3.25	1.87
14106	1.75	3.75	3.20
14114	1.57	3.80	4.00
14122	1.98	3.75	2.65
14130	2.90	3.55	1.91
14138	2.50	3.45	2.18
14146	2.22	3.45	2.45
14154	3.60	3.45	1.72
14159	2.28	3.30	2.45
14164	2.75	3.40	2.03
14169	2.60	3.30	2.17
14174	1.87	3.50	3.05
14179	2.70	3.20	2.14
14184	2.13	3.30	2.65
14189	2.15	3.25	2.65
14194	2.95	3.35	1.95
14199	1.92	3.40	3.00
14204	3.30	3.30	1.84
14209	2.65	3.25	2.15
14214	2.65	3.35	2.11
14219	3.25	3.50	1.80
14224	1.91	3.50	2.95
14232	1.97	3.45	2.85
14240	2.02	3.80	2.55
14248	2.65	3.55	2.04
14256	2.35	3.50	2.28
14264	2.22	3.55	2.40
14272	2.06	3.40	2.70
14277	2.12	3.40	2.60
14282	2.50	3.25	2.26
14287	2.35	3.25	2.40
14292	2.27	3.15	2.55
14297	2.60	3.35	2.14
14302	2.06	3.40	2.70
14307	2.24	3.30	2.50
14312	3.40	3.65	1.72
14317	1.99	3.45	2.80
14559	2.27	3.15	2.55
14564	2.60	3.35	2.14
14569	2.06	3.40	2.70
14574	2.24	3.30	2.50
14579	3.45	3.85	1.67
14584	1.99	3.45	2.80
14592	2.95	2.50	2.44
14597	4.45	3.00	1.69
14602	3.05	2.65	2.25
14607	1.93	3.00	3.35
14612	2.09	2.75	3.25
14617	2.55	3.20	2.25
14625	3.75	3.90	1.60
14633	2.45	3.55	2.17
14641	2.80	3.55	1.96
14649	2.70	3.20	2.14
14657	2.14	3.35	2.60
14662	2.80	3.20	2.08
14667	2.33	3.30	2.40
14672	1.89	3.35	3.10
14677	2.11	3.45	2.60
14682	2.33	3.30	2.40
14687	2.20	3.30	2.55
14692	2.28	3.30	2.45
14697	2.28	3.30	2.45
14702	2.50	3.45	2.18
14707	3.55	3.45	1.73
14712	3.25	3.50	1.80
14717	2.30	3.35	2.40
14722	1.84	3.40	3.20
14730	2.30	3.35	2.40
14735	1.72	3.20	3.90
14740	2.85	2.65	2.37
14744	2.50	3.20	2.29
14752	2.55	3.50	2.12
14760	2.70	3.25	2.12
14768	2.65	2.58	2.60
14773	3.55	2.85	1.93
14778	3.15	2.75	2.14
14783	3.20	2.90	2.03
14788	2.05	3.35	2.75
14793	1.95	3.35	2.95
14798	1.91	3.35	3.05
14803	2.28	3.30	2.45
14808	2.65	3.30	2.13
14813	3.10	3.30	1.91
14818	2.90	3.30	1.99
14823	1.98	3.40	2.85
14828	2.85	3.00	2.15
14833	1.80	3.55	3.20
14838	2.40	3.50	2.24
14843	2.18	3.35	2.55
14848	1.94	3.45	2.90
14853	2.70	3.40	2.06
14858	3.05	3.75	1.80
14866	2.21	2.80	2.95
14871	3.65	3.40	1.72
14879	2.65	2.65	2.54
14884	3.95	3.20	1.71
14889	2.25	2.65	3.05
14894	2.60	3.10	2.26
14902	2.35	3.40	2.33
14910	3.80	2.90	1.85
14915	2.70	2.75	2.41
14920	3.10	3.70	1.80
14928	3.05	3.25	1.95
14933	2.33	3.30	2.40
14938	2.40	3.35	2.30
14943	2.10	3.30	2.70
14948	2.75	3.40	2.03
14953	2.15	3.25	2.65
14958	2.05	3.35	2.75
14963	2.28	3.30	2.45
14968	2.95	3.05	2.07
14973	2.50	3.50	2.16
14978	4.75	3.50	1.53
14983	2.60	3.45	2.11
14988	2.18	3.20	2.65
14993	2.07	3.30	2.75
14998	1.98	3.40	2.85
15006	2.04	3.45	2.70
15014	2.42	2.90	2.55
15019	1.96	3.55	2.80
15024	1.66	3.75	3.55
15029	2.06	3.40	2.70
15034	2.50	3.30	2.24
15039	2.85	3.45	1.97
15044	2.23	3.40	2.45
15049	3.55	3.70	1.67
15054	2.55	3.30	2.20
15062	3.40	3.10	1.88
15067	2.06	2.80	3.25
15072	2.85	2.46	2.55
15077	3.70	2.80	1.92
15082	2.20	2.80	2.95
15087	2.19	3.50	2.45
15095	1.94	3.45	2.90
15103	3.75	3.60	1.65
15111	2.18	3.35	2.55
15116	1.65	3.65	3.70
15121	2.08	3.35	2.70
15126	2.20	3.40	2.50
15131	1.95	3.35	2.95
15136	2.35	3.35	2.35
15141	2.09	3.50	2.60
15146	2.02	3.30	2.85
15151	3.20	3.40	1.84
15156	1.81	3.40	3.30
15161	4.10	3.55	1.60
15166	2.31	3.25	2.45
15171	3.00	3.50	1.89
15176	2.00	3.35	2.85
15184	2.28	3.30	2.45
15189	1.95	3.35	2.95
15194	2.35	3.35	2.35
15199	2.09	3.50	2.60
15204	1.96	3.40	2.90
15209	3.20	3.40	1.84
15214	1.81	3.40	3.30
15219	4.10	3.55	1.60
15224	2.31	3.25	2.45
15229	3.00	3.50	1.89
15234	2.06	3.40	2.70
15242	2.14	3.45	2.55
15247	3.50	2.65	2.06
15252	2.53	2.65	2.65
15257	3.30	2.65	2.13
15262	2.90	2.75	2.27
15267	2.06	2.85	3.20
15272	2.42	2.55	2.90
15277	2.03	3.35	2.80
15282	2.35	3.40	2.33
15287	1.80	3.45	3.30
15292	3.45	3.55	1.73
15297	2.15	3.25	2.65
15302	1.94	3.45	2.90
15307	2.65	3.25	2.15
15312	2.12	3.40	2.60
15317	2.01	3.40	2.80
15322	2.26	3.35	2.45
15327	2.28	3.40	2.40
15332	2.27	3.15	2.55
15337	2.50	3.35	2.22
15342	2.08	3.35	2.70
15350	2.65	3.45	2.07
15355	3.05	2.80	2.15
15360	2.22	2.65	3.10
15365	2.54	2.75	2.55
15370	2.54	2.70	2.60
15375	2.34	2.90	2.65
15380	1.84	3.60	3.05
15385	1.99	3.45	2.80
15390	2.55	3.20	2.25
15395	2.26	3.25	2.50
15400	2.80	3.20	2.08
15405	2.29	3.20	2.50
15410	1.51	3.90	4.35
15415	1.83	3.55	3.10
15420	1.92	3.45	2.95
15425	2.40	3.30	2.33
15430	2.45	3.35	2.26
15438	1.83	3.55	3.10
15443	1.92	3.45	2.95
15448	2.40	3.30	2.33
15453	2.45	3.35	2.26
15461	2.10	2.85	3.10
15466	1.93	2.90	3.50
15471	2.10	2.60	3.45
15476	1.69	3.35	3.85
15481	3.55	2.80	1.96
15486	2.60	2.80	2.45
15491	2.17	3.30	2.60
15496	1.66	3.60	3.70
15501	2.28	3.40	2.40
15506	2.05	3.35	2.75
15511	1.90	3.45	3.00
15516	1.55	3.85	4.10
15521	2.06	3.40	2.70
15526	2.70	3.30	2.10
15531	3.45	3.45	1.76
15536	2.17	3.30	2.60
15541	1.99	3.45	2.80
15546	2.26	3.35	2.45
15551	3.35	3.50	1.77
15556	2.40	3.25	2.35
15561	3.10	3.40	1.88
15569	2.31	2.65	2.95
15574	1.90	3.00	3.45
15579	2.15	2.85	3.00
15584	2.41	2.65	2.80
15589	3.25	2.75	2.09
15594	3.05	2.70	2.22
15599	2.85	3.20	2.06
15604	2.07	3.30	2.75
15609	1.73	3.65	3.35
15614	2.02	3.45	2.75
15619	2.14	3.35	2.60
15624	2.95	3.30	1.97
15629	2.07	3.30	2.75
15634	3.30	3.45	1.80
15639	2.21	3.20	2.60
15644	2.03	3.40	2.75
15649	2.60	3.25	2.19
15654	2.38	3.20	2.40
15659	2.80	3.20	2.08
15664	3.55	3.45	1.73
15669	2.45	3.15	2.36
15677	2.19	2.70	3.10
15682	1.93	3.05	3.30
15687	3.60	2.90	1.90
15692	2.70	2.75	2.41
15697	2.08	2.85	3.15
15702	2.00	2.85	3.35
15707	2.60	3.35	2.14
15712	2.28	3.30	2.45
15717	1.76	3.50	3.40
15722	2.07	3.30	2.75
15727	1.69	3.70	3.50
15732	2.03	3.35	2.80
15737	1.60	3.70	3.95
15742	3.40	3.50	1.76
15747	2.50	3.30	2.24
15752	1.94	3.45	2.90
15757	2.20	3.30	2.55
15762	2.65	3.20	2.18
15767	2.22	3.25	2.55
15772	3.00	3.35	1.93
15777	2.28	3.30	2.45
15785	2.28	3.30	2.45
15793	3.55	3.70	1.67
15798	2.03	3.35	2.80
15803	2.60	3.30	2.17
15808	2.50	3.30	2.24
15813	2.75	3.30	2.07
15818	2.55	3.15	2.27
15823	3.25	3.45	1.81
15828	1.83	3.50	3.15
15833	3.50	3.35	1.77
15838	1.48	4.10	4.35
15846	3.25	2.45	2.31
15851	2.60	2.65	2.58
15856	2.58	2.65	2.60
15861	1.64	3.10	4.60
15866	2.54	2.75	2.55
15871	2.09	3.40	2.65
15879	2.35	3.35	2.35
15887	2.40	3.25	2.35
15895	2.80	3.40	2.01
15903	3.20	3.25	1.89
15911	2.70	3.15	2.17
15916	2.33	3.30	2.40
15921	3.50	3.45	1.74
15926	2.26	3.25	2.50
15931	2.14	3.20	2.70
15936	2.24	3.30	2.50
15941	2.40	3.35	2.30
15946	2.04	3.30	2.80
15951	3.55	3.35	1.76
15956	3.10	3.40	1.88
15961	3.10	3.20	1.94
15966	3.50	3.55	1.72
15971	1.89	3.50	3.00
15976	4.20	3.40	1.62
15981	1.65	3.60	3.75
15989	2.26	3.25	2.50
15994	2.14	3.20	2.70
15999	2.24	3.30	2.50
16004	2.40	3.35	2.30
16009	2.04	3.30	2.80
16014	3.55	3.35	1.76
16019	3.10	3.40	1.88
16024	3.10	3.35	1.89
16029	3.70	3.80	1.62
16034	1.89	3.50	3.00
16039	4.20	3.40	1.62
16044	1.65	3.60	3.75
16052	3.60	2.45	2.16
16057	3.15	2.50	2.32
16062	3.45	2.65	2.07
16067	1.88	2.90	3.65
16072	3.70	2.80	1.92
16077	1.66	3.20	4.25
16082	2.34	3.10	2.50
16090	2.20	3.40	2.50
16098	2.20	3.40	2.50
16106	3.10	3.35	1.89
16114	4.60	3.65	1.52
16122	2.45	3.30	2.28
16127	3.50	3.35	1.77
16132	4.00	3.75	1.58
16137	1.82	3.60	3.10
16142	3.20	3.35	1.86
16147	2.70	3.25	2.12
16152	2.45	3.25	2.31
16157	2.26	3.25	2.50
16162	3.25	3.40	1.83
16167	2.28	3.30	2.45
16172	2.95	3.15	2.03
16177	2.00	3.35	2.85
16182	2.06	3.40	2.70
16187	1.73	3.60	3.40
16192	3.05	3.45	1.88
16200	2.70	2.90	2.30
16205	2.70	2.65	2.49
16210	2.10	2.90	3.05
16215	2.41	2.75	2.70
16220	1.92	2.95	3.45
16225	2.80	3.15	2.11
16233	2.65	3.35	2.11
16241	3.15	3.60	1.80
16249	2.65	3.55	2.04
16257	3.10	3.20	1.94
16265	2.80	3.30	2.04
16270	2.65	3.30	2.13
16275	2.05	3.35	2.75
16285	3.60	3.30	1.76
16290	3.20	3.35	1.86
16295	2.40	3.30	2.33
16300	3.50	3.35	1.77
16305	2.20	3.30	2.55
16313	2.40	3.30	2.33
16318	3.35	3.35	1.81
16323	2.14	3.35	2.60
16331	3.30	2.80	2.05
16336	2.60	2.85	2.41
16341	4.75	2.95	1.67
16346	2.37	2.80	2.70
16351	3.95	2.65	1.93
16356	1.57	3.75	4.05
16361	1.80	3.70	3.10
16369	1.95	3.75	2.70
16377	2.50	3.50	2.16
16385	2.90	3.30	1.99
16393	1.47	4.10	4.45
16401	1.87	3.35	3.15
16406	2.45	3.25	2.31
16411	3.30	3.25	1.86
16416	2.01	3.40	2.80
16421	2.10	3.30	2.70
16426	2.40	3.30	2.33
16431	2.36	3.15	2.45
16436	3.40	3.30	1.81
16441	1.91	3.35	3.05
16446	2.33	3.30	2.40
16451	2.50	3.35	2.22
16456	2.75	3.40	2.03
16461	1.83	3.40	3.25
16466	2.35	3.25	2.40
